<!-- https://www.playframework.com/documentation/latest/SettingsLogger -->
<configuration>

  <conversionRule conversionWord="coloredLevel" converterClass="play.api.libs.logback.ColoredLevel" />

  <property name="TS_LOGS" value="c:/logs" />

  <appender name="FILE" class="ch.qos.logback.core.rolling.RollingFileAppender">
    <file>${TS_LOGS}/web/logs/application.log</file>
    <rollingPolicy class="ch.qos.logback.core.rolling.TimeBasedRollingPolicy">
      <fileNamePattern>${TS_LOGS}/web/logs/archived/application-log-%d{yyyy-MM-dd}.log</fileNamePattern>
      <maxHistory>7</maxHistory>
    </rollingPolicy>
    <triggeringPolicy class="ch.qos.logback.core.rolling.SizeBasedTriggeringPolicy">
      <maxFileSize>10MB</maxFileSize>
    </triggeringPolicy>
    <encoder>
      <pattern>%date{yyyy-MM-dd HH:mm:ss ZZZZ} [%level] from %logger in %thread - %message%n%xException</pattern>
    </encoder>
  </appender>

  <appender name="ACCESS_FILE" class="ch.qos.logback.core.rolling.RollingFileAppender">
    <file>${TS_LOGS}/web/logs/access.log</file>
    <rollingPolicy class="ch.qos.logback.core.rolling.TimeBasedRollingPolicy">
      <fileNamePattern>${TS_LOGS}/web/logs/archived/application-log-%d{yyyy-MM-dd}.log</fileNamePattern>
      <maxHistory>7</maxHistory>
    </rollingPolicy>
    <triggeringPolicy class="ch.qos.logback.core.rolling.SizeBasedTriggeringPolicy">
      <maxFileSize>10MB</maxFileSize>
    </triggeringPolicy>
    <encoder>
      <pattern>%date{yyyy-MM-dd HH:mm:ss ZZZZ} [%level] from %logger in %thread - %message%n%xException</pattern>
      <immediateFlush>true</immediateFlush>
    </encoder>
  </appender>

  <logger name="access" level="INFO" additivity="false">
    <appender-ref ref="ACCESS_FILE"/>
  </logger>

  <root level="INFO">
    <appender-ref ref="FILE"/>
  </root>

</configuration>
